Scenario,Mean Change,Mean Absolute Change,Std Change,Min Change,Max Change,Cells Changed,Percent Changed,Top 10 Overlap
georgia_suitability_scenario_1,-0.08868852459016394,0.08868852459016394,0.10704869379134561,-0.32000000000000006,0.0,83,68.0327868852459,10/10
georgia_suitability_scenario_2,0.08893442622950819,0.08893442622950819,0.10827579857524064,0.0,0.33000000000000007,84,68.85245901639344,10/10
georgia_suitability_scenario_3,-0.0518032786885246,0.0518032786885246,0.06346752138025477,-0.18999999999999995,0.0,79,64.75409836065575,10/10
georgia_suitability_scenario_4,0.025901639344262296,0.025901639344262296,0.03249295151439441,0.0,0.10000000000000009,67,54.91803278688525,10/10
georgia_suitability_scenario_5,-0.1301639344262295,0.1301639344262295,0.15779987119665723,-0.49,0.0,84,68.85245901639344,10/10
georgia_suitability_scenario_6,0.11918032786885248,0.11918032786885248,0.1450710294192163,0.0,0.4600000000000002,84,68.85245901639344,10/10
